제목,URL,조회
HOME,/home,45
매시브중계,/Junggye,22
시간표 및 모집안내 ,/jungle_time,18
매시브분당,/bundang,18
매시브경복궁,/massiv_kyungbokpalace,16
시간표 및 모집안내,/116,13
영어,/teachers_english,12
국어,/jungle_teacher_kr,12
매시브대치 Orbi,/127,11
영어,/90,10
시간표 및 모집안내 ,/93,10
영어,/118,9
국어,/120,9
영어,/jungle_teacher_en,8
수학,/teachers_math,8
수학,/jungle_teacher_mt,8
HOMEold202408,/HOMEold202408,7
설명회 신청,/jungle_pr,7
자료실•고3 N수,/95,6
MASSIV. 소개,/introduction,5
과탐,/124,5
MASSIV. 소개,/introduction,5
경복궁 - 7/19 오픈,/82,4
설명회 신청,/86,4
분당점,/81,3
설명회 신청,/110,3
국어,/teachers_korean,3
과학탐구,/teachers_science,3
HOME (new_2408),/133,1
로그인,/login,1
학습자료실•고등영어 내신,/114,1
자료실•고등영어 정규,/96,1
중계점,/80,1
설명회 신청,/presentation_board,1
영상작업요청,/requestvideowork,1
Under Construction,/underconstruction,1
문자 수신 신청,/register,1
레벨테스트 예약,/leveltest,1
교재,/text,1